slug,provider,offer,actionButtons,tag,description,planType,planName,price,trial,starred,toolType,deliveryType,executionEnvironment,coverage,compliance
abdk,Abdk,!offer:abdk,View,security,,,,,,FALSE,,,,,
aderyn,Aderyn,!offer:aderyn,View,security,,,,,,FALSE,,,,,
audit-base-pay-as-you-go,Audit,!offer:audit-base-pay-as-you-go,View,security,,,,,,FALSE,,,,,
audit-base-pro,Audit,!offer:audit-base-pro,View,security,,,,,,FALSE,,,,,
audit-base-starter,Audit,!offer:audit-base-starter,View,security,,,,,,FALSE,,,,,
audit-base-team,Audit,!offer:audit-base-team,View,security,,,,,,FALSE,,,,,
beosin-smart-contract-audit,Beosin,!offer:beosin-smart-contract-audit,View,security,,,,,,FALSE,,,,,
certora-gambit,Certora,!offer:certora-gambit,View,security,,,,,,FALSE,,,,,
certora-prover-basic,Certora,!offer:certora-prover-basic,View,security,,,,,,FALSE,,,,,
certora-prover-enterprise,Certora,!offer:certora-prover-enterprise,View,security,,,,,,FALSE,,,,,
certora-prover-premium,Certora,!offer:certora-prover-premium,View,security,,,,,,FALSE,,,,,
chainsecurity,Chainsecurity,!offer:chainsecurity,View,security,,,,,,FALSE,,,,,
chimera,Chimera,!offer:chimera,View,security,,,,,,FALSE,,,,,
consensys-diligence-smart-contract-audit,Consensys,!offer:consensys-diligence-smart-contract-audit,View,security,,,,,,FALSE,,,,,
echidna,Echidna,!offer:echidna,View,security,,,,,,FALSE,,,,,
hacken-smart-contract-audit,Hacken,!offer:hacken-smart-contract-audit,View,security,,,,,,FALSE,,,,,
halmos,Halmos,!offer:halmos,View,security,,,,,,FALSE,,,,,
hevm,Hevm,!offer:hevm,View,security,,,,,,FALSE,,,,,
kontrol,Kontrol,!offer:kontrol,View,security,,,,,,FALSE,,,,,
kudelski-smart-contract-secure-code-review,Kudelski,!offer:kudelski-smart-contract-secure-code-review,View,security,,,,,,FALSE,,,"FEVM, Solidity",,
medusa,Medusa,!offer:medusa,View,security,,,,,,FALSE,,,,,
mythril,Mythril,!offer:mythril,View,security,,,,,,FALSE,,,,,
openzeppelin-audits,Openzeppelin,!offer:openzeppelin-audits,View,security,,,,,,FALSE,,,,,
peckshield-audit,Peckshield,!offer:peckshield-audit,View,security,,,,,,FALSE,,,,,
revoke-cash,Revoke,!offer:revoke-cash,View,security,,,,,,FALSE,,,,,
salus-audit,Salus,!offer:salus-audit,View,security,,,,,,FALSE,,,,,
slither,Slither,!offer:slither,View,security,,,,,,FALSE,,,,,
slowmist-audit,Slowmist,!offer:slowmist-audit,View,security,,,,,,FALSE,,,,,
solhint,Solhint,!offer:solhint,View,security,,,,,,FALSE,,,,,
solidityscan-on-demand,Solidityscan,!offer:solidityscan-on-demand,View,security,,,,,,FALSE,,,,,
solidityscan-pro,Solidityscan,!offer:solidityscan-pro,View,security,,,,,,FALSE,,,,,
solidityscan-starter,Solidityscan,!offer:solidityscan-starter,View,security,,,,,,FALSE,,,,,
wake-security,Wake,!offer:wake-security,View,security,,,,,,FALSE,,,,,
ziion-linux-distro,Ziion,!offer:ziion-linux-distro,View,security,,,,,,FALSE,,,,,
